model,n_train,n_test,accuracy_pct,auc,used_glm
full,90,22,63.63636363636363,0.7767857142857143,FALSE
no_insulin,90,22,77.27272727272727,0.7714285714285714,FALSE
