"Model","Lambda","Accuracy","N_Features"
"Ridge",0.217709582485666,0.608695652173913,54
"Lasso",0.0301503033706249,0.739130434782609,10
